Scenario,Gross CAGR,Net CAGR,Alpha (annualized),Net Alpha (approx),Assumed Trading Cost (bps/yr),Approx. Net Sharpe
No fees,0.4388687569196048,0.4388687569196048,0.1860016821123672,0.1860016821123672,0,0.939379271122708
1% Mgmt,0.4388687569196048,0.4283687569196048,0.1860016821123672,0.1760016821123672,5,0.9169044829513657
2% Mgmt,0.4388687569196048,0.4178687569196048,0.1860016821123672,0.1660016821123672,10,0.8944296947800233
2% Mgmt + 10% Perf,0.4388687569196048,0.39926858870836807,0.1860016821123672,0.1474015139011305,10,0.8546168528277491
2% Mgmt + 20% Perf,0.4388687569196048,0.38066842049713134,0.1860016821123672,0.12880134568989376,10,0.8148040108754747
