Scenario,Gross CAGR,Net CAGR,Alpha (annualized),Net Alpha (approx),Assumed Trading Cost (bps/yr),Approx. Net Sharpe
No fees,0.4388687569196048,0.4388687569196048,0.24733435172035012,0.24733435172035012,0,1.2678296211018987
1% Mgmt,0.4388687569196048,0.4283687569196048,0.24733435172035012,0.2373343517203501,5,1.2374966096681217
2% Mgmt,0.4388687569196048,0.4178687569196048,0.24733435172035012,0.22733435172035013,10,1.207163598234344
2% Mgmt + 10% Perf,0.4388687569196048,0.39313532174756977,0.24733435172035012,0.2026009165483151,10,1.1357122104372086
2% Mgmt + 20% Perf,0.4388687569196048,0.36840188657553474,0.24733435172035012,0.1778674813762801,10,1.0642608226400732
